Protein IDs,Protein names,Gene names,mean log2Foldchange,mean -log10 p-value
P08182;A4V4C1;M9NGA3;M9NDU6;M9PHA6;P08182-3,Casein kinase II subunit beta,CkIIbeta,10.51730045369907,5.962185696359728
M9PB96;Q9VKQ3,Ribosome biogenesis protein WDR12 homolog,CG6724,6.53535912523737,6.471782885830298
A8JUU1;X2JJP5;X2JEY9;M9PHF1;A8JUU3;X2JEM2,,Sec16,5.45218030798794,5.779306042559781
Q9VCE7;Q8MRS5;Q95R71,,KrT95D,4.938516342598682,4.128316764144575
Q9VU76;M9PFE5;M9PFI2;Q961X4,,cmb,4.857152019677404,3.006211593676706
Q7K304;A0A0B4KFF6;A8DY77,,Drep2,4.558498842628659,4.801443954882957
M9PCU3;M9NEC1;M9PFS5;E1JI13;P98081;M9NDT7;M9NG14;M9PI84;P98081-2,Protein disabled,Dab,4.533483021232429,4.391666696880782
M9PEG1,,CG44195,4.429170007344496,3.69227697255407
P08120,Collagen alpha-1(IV) chain,Cg25C,4.393712765688587,2.266184187999682
Q8IM86;H9XVP2,,unc-13,4.16169735969538,4.799600759618109
Q8IN56;Q9I7I8;A0A0B4JDD8;A0A0B4JDG2;B7Z0M9;Q7KSB3;A0A0B4JCZ0;Q8IN55,Oxysterol-binding protein,Orp8,4.044400794089213,5.884718207897546
M9NGH0;M9PGM6;M9PIP8;M9PGF5;M9NFQ4;M9PG86;M9PDH4;M9NEP4;Q7KW14-2;Q7KW14;M9NE32,Coiled-coil domain-containing protein CG32809,CG32809,3.707336435946884,4.642422810783625
A8DYU2;R9PY34;A8DYU1;A8DYU3;R9PY62;M9NE71,,GramD1B,3.524842718591515,4.722213726520056
A0A0B4KEX6;Q9W205;A0A0B4KFF9;Q9W204;E1JGS7;Q8MME5,,jbug,3.4995239927485,2.490880881150646
Q95R34,,crn,3.412020989971465,3.605518373482409
Q7KV34,,pkm,3.354433979556397,5.465271152139807
O96607;Q0E8S7;Q9VM94;M9PB54;M9PEX1,,homer,3.332063010843907,4.374854042616587
Q86PF3;A0A0B4KHJ8;A0A0B4KHG1;A0A0B4KI32;Q9VA36;A0A0B4KI34;Q9Y154;Q9VA35,,cindr,3.314216518122988,4.578437564525311
Q9VN21,,lost,3.251039756835052,5.91654241087576
Q9VSX2,,BEST:GH12586,3.227630424254478,5.465258026350177
M9PHY4;M9PHG0;M9PHV3;Q9VX32-2;M9PJQ3;Q9VX32,Rho GTPase-activating protein 190,RhoGAPp190,3.174001428120631,4.199677190897511
Q0E9E6;D0Z740,,CG34141,3.165160185151489,4.942047570867024
Q9Y109;M9PBV6;REV__Q8MSW4;REV__Q8IQG1-4;REV__Q8IQG1-3;REV__D6W4U9;REV__Q8IQG1;REV__Q8IQG1-2,,BcDNA.GH11023,3.159206455946414,4.049415869383495
A0A0B4LHK4;A0A0B4KHZ8;A0A0B4KHR8;A0A0B4K725;Q9VCA8,Ankyrin repeat and KH domain-containing protein mask,mask,3.146920986844415,2.568115121984142
A0A0B4LJ24;A0A0B4K7G3;A0A0B4K6W5;Q9V9S7-2;Q9V9S7;A0A0B4K813;A0A0B4K7S3;Q9V9S7-3,Rho GTPase-activating protein 100F,RhoGAP100F,3.095346405327595,2.774680977697376
Q9VE73,,Wdr37,3.09394108867002,3.687157898238789
A0A0B4LF82;Q5U0Y0;A0A0B4K765;A0A0B4LF93;A1Z928;A1Z927;A0A126GUN9,,Sin3A,3.068321307278286,4.881125307755645
Q9Y134,,l(2)35Df,3.032995136998977,2.719778877167506
Q9VIJ9,,Ns4,3.026350681240711,3.67024450541025
M9PH86;M9NDY9;M9NH46;B7Z0Y2;M9PER2;Q9VXL1;X2JE21;Q7KUY7,,mmd,3.024814282116111,4.038166653980926
A0A0B4KF63;A1Z9W7;A0A0B4JD54;Q7KMM8;A0A0B4JCT6;A1Z9W5;A8DYE0;E1JH70;A0A0B4JD77,,Kank,2.978501015691368,4.288662610686917
Q9NHE5-7;Q9NHE5-4;Q9NHE5;Q9NHE5-6;Q9NHE5-5;Q9NHE5-2;Q9NHE5-3,Calcium-dependent secretion activator,Caps,2.957979595514821,3.839940188036515
Q9VPL6;M9NEL3;M9NDB7;Q9VPL9;M9NCY5;B7Z002,,kis,2.891141296702771,4.399238451220703
Q9VDE9,,RhoGAP93B,2.886393952342001,3.629378942593594
M9PFG7;M9PF24;P46824,Kinesin light chain,Klc,2.855772163103766,3.125620648780536
A8JQT5,,Cdep,2.829221031957006,4.027761925005353
Q8IPJ3-3;Q8IPJ3-4;Q8IPJ3;Q8IPJ3-2;Q8IPJ3-5;M9PC77;E1JHA3,,LUBEL,2.813603851597186,6.568668505187614
Q24212;X2JGF5;X2JCY4,Protein stoned-B,stnB,2.802636317429741,2.720135292321614
Q9U5L1,Signal recognition particle receptor subunit alpha homolog,Gtp-bp,2.77183171130841,2.201749321918574
Q9V4C8-5;Q9V4C8;Q9V4C8-6,Host cell factor;HCF N-terminal chain;HCF C-terminal chain,Hcf,2.749820369800849,3.82012689827877
Q9VD13;Q8IN05,,lqfR,2.724892515058119,4.797319186608134
A0A0B4K7V4;A1ZB95,Transporter,CG5226,2.724445405709279,3.757306802355879
B7YZS3;Q9W1A4,Protein tamozhennic,tamo,2.657546011781358,4.115160458950196
E1JI78;M9ND66;Q9VSQ0;M9MRS9;Q9VSQ1;M9MSK7;M9NFP9;M9NE63,,Fhos,2.618903767413805,3.189178305479461
M9NDL7;Q8MQS4,,Reps,2.615530034448884,3.534147350173953
A0A0B4LGZ6;P51592,E3 ubiquitin-protein ligase hyd,hyd,2.519962750156677,2.462648210918394
Q7PLI0,,p120ctn,2.467635383141859,2.479140112576112
Q9VIK6,,Cen,2.454465487929921,4.296084926051615
M9PF36;Q9VSZ1;M9PEX2,,DmTOM1,2.453713361407015,4.423371934939432
A0A0B4LF03;A0A0B4LEI8;A1Z7T1;A1Z7T3;A0A0B4LFX2;A8DY76;A0A0B4LEY5;A1Z7T2;A0A0B4K6U3;A0A0B4K727;E1JH15;A0A0B4JD07;A1Z7T0;A1Z7T0-2;A1Z7T4,Serine/threonine-protein kinase N,Pkn,2.415514269686827,4.024157367711902
Q9VMB9,,COX5B,2.402033041383187,4.143228133047658
Q8IPC5;Q8IPC3,,CYLD,2.388448547893553,3.445688479387217
M9PCN6;P16554-2;P16554,Protein numb,numb,2.377967377843884,3.152909284219157
Q9VEP9,,Sf3a1,2.362626746813135,4.345889418264836
Q9W2L7;Q9W2L9,,CG15655,2.357084828626198,2.963508936109639
P48159,60S ribosomal protein L23,RpL23,2.349834501643441,2.146748656957639
Q0E9B2;A1Z904;A1Z906;E2QCB7;A1Z907;A0A0B4K6Z2;A8DYB7,Dystrobrevin,Dyb,2.347307103834098,2.575890573606316
Q9VDC3,,AP-2sigma,2.345094847759449,3.526849856569864
Q0E981,,Snrk,2.338269403171407,3.564797995887054
Q9V414,,Smg5,2.325451906996334,2.910315165019586
P35220;X2JBG9;Q29QS8,Catenin alpha,alpha-Cat,2.30070179879594,2.452597086155573
Q7JX82,,kermit,2.298527967532151,2.916666239757423
E1JJS2;M9NFH4;Q9VRA6;X2JEI9,,RhoGAP19D,2.225428328385306,2.81876297406989
A4VCL2-1;A0A4D6K5D6;A4VCL2-3;A4VCL2,,CG31145,2.21250134134285,6.824453496789004
A0A0B4KEY6;A0A0B4KFU3;A0A0B4KG58;B7YZJ2;B7YZJ1;E1JH90;A0A0B4KET5;A0A0B4KFA4;E1JH91;A0A0B4KEY4;A1ZAU8-2;A1ZAU8-3;A1ZAU8,Patronin,Patronin,2.17867884854541,2.752072684938661
Q8IQ62;A0A0S0WGZ0;M9PHI5;X2JCJ4,,sif,2.173212549825351,6.371634606366006
Q9V8V8;A1ZBL9;A1ZBL5;E1JGN0;E1JGM9;Q963E6;Q6NPA6;A1ZBL7;Q7YU80;Q963E5;Q9VGP9,,par-1,2.14719889631515,5.292312363194884
Q7KRW8-3;Q7KRW8,Pre-mRNA-processing factor 39,CG1646,2.144724341964583,2.786474141038819
P51140,Segment polarity protein dishevelled,dsh,2.128330634904148,2.04416429985091
L0MPN7;L0MLN1;Q8IMC6-2,,Asator,2.11449901848297,7.822747431266888
Q24253,AP complex subunit beta,AP-1-2beta,2.091287187409485,4.731864074676754
Q709R6-2;Q709R6,,bocks,2.082130549197748,2.187538940536919
Q9V3L6,Nuclear cap-binding protein subunit 2,Cbp20,2.07267577016659,3.363237209342226
X2JKZ0;X2JE83;Q8IQZ6;M9MSB6;X2JCD6;M9MSE8;X2JFL7;Q8T498-2;Q8T498,Probable Ras GTPase-activating protein,CG42684,2.050225734891284,2.453911744126958
X2JAU8-7;X2JAU8-3;X2JAU8-4;X2JAU8-5;X2JAU8-6;X2JAU8-2;X2JAU8;X2JAU8-8;X2JAU8-9,,nwk,2.047747917773751,2.764116147157063
Q9VHC3,,by,2.031879520971284,2.568803723696183
Q9W3K6,,CG2258,2.017978199635242,2.482655502860732
Q9W4C3,Ubiquitin carboxyl-terminal hydrolase,Usp16-45,2.006852841065044,3.307152137597122
M9PJD0;E2QD98;X2JIZ6;X2JCZ1;M9NEZ2;Q6NR03;Q9W3H7;Q0KHU9;Q9W3H8;Q9W3H6;Q7KVT3;M9NG38,,sdt,2.000757130906786,2.510428111071167
